{
  "n_paths": 1000,
  "terminal_wealth_percentiles": [
    4947.0,
    4947.0,
    4947.0,
    4947.0,
    4947.0
  ],
  "cagr_percentiles": [
    -5.52,
    -5.52,
    -5.52,
    -5.52,
    -5.52
  ],
  "max_dd_percentiles": [
    -99.9,
    -99.9,
    -99.9
  ],
  "bucket_frequency": {
    "early": 23.9,
    "middle": 40.5,
    "late": 24.7,
    "never": 10.9
  },
  "event_frequency": {
    "E-B0-GPUShortage": 28.7,
    "E-B0-TreatyDelay": 9.0,
    "E-B0-CyberHit": 23.2,
    "E-B0-SMR": 30.9,
    "E-B0-Breakthrough": 29.1,
    "E-B1-Partial": 14.9,
    "E-S2-Bottleneck": 14.9,
    "E-B1-Success": 5.9,
    "E-S2-Throttled": 3.0,
    "E-P3-Managed": 0.9,
    "E-B1-Fail": 7.1,
    "E-S2-Stall": 7.1,
    "E-P3-Conflict": 3.0,
    "E-S2-FastTakeoff": 3.3,
    "E-P3-Oligopoly": 1.4,
    "E-P3-Abundance": 1.8
  },
  "wealth_matrix": [
    [
      0.0,
      1221.0998092326945,
      3077.170470606302,
      4452.572116374169,
      5617.916736889073,
      6180.200209010178,
      11196.030678606316,
      16282.606457857091,
      11466.222445648644,
      17548.15102682147,
      22851.567377414704,
      23118.909127652576,
      29121.2762593386,
      42969.451172841866,
      54598.10754224814,
      51483.00305237831,
      33327.56518405733,
      51321.42476019332,
      32782.26045704565,
      21359.518996921703,
      33315.50844240209,
      41434.00964105579,
      77485.25019046875,
      63652.05795320194,
      107249.55929608803,
      93515.36438212686,
      123489.74807926867,
      111666.65128666878,
      119829.64579284836,
      184116.86387280785,
      190721.09538331846,
      219415.38621964367,
      198226.4808344101,
      224084.29606636893,
      148032.07270331218,
      79578.67060711834,
      307.8387411825483,
      1330.9096860517022,
      3005.847773422275,
      3327.730322794865,
      4947.385393055973
    ]
  ],
  "cagrs_raw": [
    -0.055225065526579575
  ]
}