{
  "n_paths": 2000,
  "terminal_wealth_percentiles": [
    322028.0,
    322028.0,
    322028.0,
    322028.0,
    322028.0
  ],
  "cagr_percentiles": [
    4.87,
    4.87,
    4.87,
    4.87,
    4.87
  ],
  "max_dd_percentiles": [
    -28.9,
    -28.9,
    -28.9
  ],
  "bucket_frequency": {
    "early": 24.4,
    "middle": 41.05,
    "late": 24.3,
    "never": 10.25
  },
  "event_frequency": {
    "E-B0-GPUShortage": 29.55,
    "E-B0-TreatyDelay": 8.9,
    "E-B0-CyberHit": 23.05,
    "E-B0-SMR": 30.0,
    "E-B0-Breakthrough": 30.5,
    "E-B1-Partial": 15.75,
    "E-S2-Bottleneck": 15.75,
    "E-B1-Success": 6.85,
    "E-S2-Throttled": 3.6,
    "E-P3-Managed": 0.9,
    "E-B1-Fail": 8.1,
    "E-S2-Stall": 8.1,
    "E-P3-Conflict": 4.0,
    "E-S2-FastTakeoff": 3.8,
    "E-P3-Oligopoly": 1.45,
    "E-P3-Abundance": 2.0
  },
  "wealth_matrix": [
    [
      0.0,
      1279.4402976629847,
      2410.7986852253416,
      3943.245360713384,
      5926.658299620814,
      9062.409994125908,
      12148.032290501773,
      16218.286332992007,
      18482.669603655926,
      25340.722250261522,
      23439.044006464173,
      23055.678044602508,
      23602.413196222748,
      18590.746483413564,
      25385.61473774948,
      35965.14959014072,
      32190.50514924927,
      32518.949384638705,
      30469.627024194608,
      35658.76059177559,
      42238.60724386238,
      42801.324582448855,
      66574.7214256513,
      63612.85615724575,
      59485.57761631694,
      69574.22105816285,
      72972.72049083744,
      55789.47355929706,
      52285.087545778246,
      61995.4272905674,
      73506.17870872127,
      52242.56923672388,
      66335.73327816512,
      92076.29850449173,
      96761.51717773722,
      124083.73519227639,
      128647.25275522652,
      149983.35030047916,
      176065.1508364415,
      224267.99113610655,
      322027.88014346646
    ]
  ],
  "cagrs_raw": [
    0.04873631293732217
  ]
}