{
  "n_paths": 20000,
  "terminal_wealth_percentiles": [
    169959.0,
    169959.0,
    169959.0,
    169959.0,
    169959.0
  ],
  "cagr_percentiles": [
    3.21,
    3.21,
    3.21,
    3.21,
    3.21
  ],
  "max_dd_percentiles": [
    -67.2,
    -67.2,
    -67.2
  ],
  "bucket_frequency": {
    "early": 23.49,
    "middle": 41.32,
    "late": 25.37,
    "never": 9.81
  },
  "event_frequency": {
    "E-B0-CyberHit": 22.03,
    "E-B0-GPUShortage": 29.9,
    "E-B0-SMR": 27.96,
    "E-B0-Breakthrough": 32.37,
    "E-B1-Partial": 16.04,
    "E-S2-Bottleneck": 16.04,
    "E-B1-Fail": 8.03,
    "E-S2-Stall": 8.03,
    "E-P3-Conflict": 3.88,
    "E-B1-Success": 7.83,
    "E-S2-FastTakeoff": 4.01,
    "E-P3-Oligopoly": 1.55,
    "E-P3-Abundance": 2.48,
    "E-B0-TreatyDelay": 10.36,
    "E-S2-Throttled": 3.95,
    "E-P3-Managed": 1.05
  },
  "wealth_matrix": [
    [
      0.0,
      1345.5622728751923,
      2174.0121583881664,
      2129.255723943765,
      4231.198823825625,
      6366.667291157435,
      5843.039910337211,
      7756.937331887312,
      7128.978769610346,
      9643.102054026947,
      3838.495678093149,
      3162.6501628969604,
      7180.127031094842,
      7350.038397068121,
      6868.28224038875,
      9837.433790926927,
      7152.510381006592,
      7692.081468964836,
      7981.406934341401,
      11919.490730502514,
      13048.409798544855,
      14815.45137578964,
      25155.553834585207,
      34493.118789754975,
      44277.32769503025,
      35313.243849123144,
      33728.778876015414,
      42640.26463585181,
      41852.1732916986,
      60361.64577292505,
      55153.593172312554,
      53329.41222691894,
      59101.28645611188,
      74504.07306087816,
      59411.13867015975,
      77313.60909110802,
      101164.78665034006,
      111032.96593782448,
      126463.09387237273,
      105940.12662218286,
      169958.95375572043
    ]
  ],
  "cagrs_raw": [
    0.032113765336009736
  ]
}