{
  "n_paths": 20000,
  "terminal_wealth_percentiles": [
    160049.0,
    160049.0,
    160049.0,
    160049.0,
    160049.0
  ],
  "cagr_percentiles": [
    3.06,
    3.06,
    3.06,
    3.06,
    3.06
  ],
  "max_dd_percentiles": [
    -64.3,
    -64.3,
    -64.3
  ],
  "bucket_frequency": {
    "early": 23.49,
    "middle": 41.32,
    "late": 25.37,
    "never": 9.81
  },
  "event_frequency": {
    "E-B0-A": 39.48,
    "E-B1-B": 17.76,
    "E-B1-C": 9.87,
    "E-S2-Stall": 9.87,
    "E-B1-A": 11.65
  },
  "wealth_matrix": [
    [
      0.0,
      1345.5622728751923,
      2174.0121583881664,
      2129.255723943765,
      4231.198823825625,
      6317.636517178396,
      5881.28810115275,
      7759.063762495379,
      7209.831474690918,
      9667.157302532865,
      4176.136930699891,
      3450.467990107005,
      7542.704579574973,
      7707.9103355816005,
      7226.055554332613,
      10185.120227876332,
      7552.305407703962,
      8082.835119053767,
      8366.086781323063,
      12283.457843404707,
      13401.27149920308,
      15141.740260884095,
      25217.78834371279,
      34161.900405824636,
      43426.4276530457,
      35087.35429980649,
      33617.44797805498,
      42104.760615992534,
      41393.22403361823,
      58859.55764292494,
      54049.2282402757,
      52372.91792617255,
      57798.21670015435,
      72172.44394646132,
      58266.573364724914,
      75012.88992454913,
      97074.46785704052,
      106102.72593908581,
      120152.44806451497,
      101574.09733641703,
      160049.09118359903
    ]
  ],
  "cagrs_raw": [
    0.03056478759369563
  ]
}